occurrenceID	datasetID	datasetName	occurrenceStatus	basisOfRecord	scientificName	taxonRank	kingdom	phylum	class	order	family	genus	decimalLatitude	decimalLongitude	geodeticDatum	coordinateUncertaintyInMeters	coordinatePrecision	country	countryCode	locality	eventDate	habitat	minimumElevationInMeters	recordedBy	identifiedBy	identificationRemarks	occurrenceRemarks	informationWithheld	georeferenceSources	associatedReferences
200	PsiloSoma_Dataset	PsiloSoma Dataset - Occurrence and Ethnomycological Data on Psilocybe spp. 2022-2024	present	HumanObservation	Psilocybe serbica	species	Fungi	Basidiomycota	Agaricomycetes	Agaricales	Hymenogastraceae	Psilocybe	41.397325	14.37013	WGS84	50	0.00001	Italy	IT	Matese Regional Park - Caserta	2022-11-21	Forest - fern substrate	1200	Valletta FM	Valletta FM	Morphological	Growing on fern stalks - new record reported in study		GPS	Valletta FM 2023 - DOI 10.6093/2724-4393/10411
201	PsiloSoma_Dataset	PsiloSoma Dataset - Occurrence and Ethnomycological Data on Psilocybe spp. 2022-2024	present	HumanObservation	Psilocybe serbica	species	Fungi	Basidiomycota	Agaricomycetes	Agaricales	Hymenogastraceae	Psilocybe	41.407903	14.365938	WGS84	50	0.00001	Italy	IT	San Gregorio Matese - Caserta	2022-11-21	Forest - fern substrate	1150	Valletta FM	Valletta FM	Morphological	Growing on fern stalks - new record reported in study		GPS	Valletta FM 2023 - DOI 10.6093/2724-4393/10411
202	PsiloSoma_Dataset	PsiloSoma Dataset - Occurrence and Ethnomycological Data on Psilocybe spp. 2022-2024	present	HumanObservation	Psilocybe serbica	species	Fungi	Basidiomycota	Agaricomycetes	Agaricales	Hymenogastraceae	Psilocybe	41.40773	14.346347	WGS84	50	0.00001	Italy	IT	Matese Regional Park - Caserta	2022-11-21	Forest - fern substrate	1100	Valletta FM	Valletta FM	Morphological	Growing on fern stalks - new record reported in study		GPS	Valletta FM 2023 - DOI 10.6093/2724-4393/10411
210	PsiloSoma_Dataset	PsiloSoma Dataset - Occurrence and Ethnomycological Data on Psilocybe spp. 2022-2024	present	HumanObservation	Psilocybe semilanceata	species	Fungi	Basidiomycota	Agaricomycetes	Agaricales	Hymenogastraceae	Psilocybe	42.622565	13.404978	WGS84	100	0.00001	Italy	IT	Monte Gorzano - Crognaleto	2023	Mountain meadow - grassland	2400	Valletta FM	Valletta FM	Morphological	High-altitude pasture habitat		Literature and GPS	Valletta FM 2023 - DOI 10.6093/2724-4393/10411
211	PsiloSoma_Dataset	PsiloSoma Dataset - Occurrence and Ethnomycological Data on Psilocybe spp. 2022-2024	present	HumanObservation	Psilocybe semilanceata	species	Fungi	Basidiomycota	Agaricomycetes	Agaricales	Hymenogastraceae	Psilocybe	41.444532	14.424349	WGS84	50	0.00001	Italy	IT	Bojano - Matese area	2022-11-09	Mountain meadow - grassland	1650	Valletta FM	Valletta FM	Morphological	Observed in pasture near regional park		GPS	Valletta FM 2023 - DOI 10.6093/2724-4393/10411
212	PsiloSoma_Dataset	PsiloSoma Dataset - Occurrence and Ethnomycological Data on Psilocybe spp. 2022-2024	present	HumanObservation	Psilocybe semilanceata	species	Fungi	Basidiomycota	Agaricomycetes	Agaricales	Hymenogastraceae	Psilocybe	41.44454	14.383281	WGS84	50	0.00001	Italy	IT	Bojano - Matese area	2022-11-10	Mountain meadow - grassland	1630	Valletta FM	Valletta FM	Morphological	Repeated observation in similar habitat		GPS	Valletta FM 2023 - DOI 10.6093/2724-4393/10411
300	PsiloSoma_Dataset	PsiloSoma Dataset - Occurrence and Ethnomycological Data on Psilocybe spp. 2022-2024	present	MaterialCitation	Psilocybe serbica	species	Fungi	Basidiomycota	Agaricomycetes	Agaricales	Hymenogastraceae	Psilocybe						Italy	IT	Monte Fumaiolo	2023	Forest		Unknown	Valletta FM	Literature-based	Occurrence cited from literature	coordinates not available in source	Literature	Valletta FM 2023 - DOI 10.6093/2724-4393/10411
301	PsiloSoma_Dataset	PsiloSoma Dataset - Occurrence and Ethnomycological Data on Psilocybe spp. 2022-2024	present	MaterialCitation	Psilocybe serbica	species	Fungi	Basidiomycota	Agaricomycetes	Agaricales	Hymenogastraceae	Psilocybe						Italy	IT	Pizzorne - Lucca	2018-11-03	Forest - alder		Pierotti and Matteini	Valletta FM	Literature-based	Voucher specimen cited	coordinates not available in source	Literature	Valletta FM 2023 - DOI 10.6093/2724-4393/10411
302	PsiloSoma_Dataset	PsiloSoma Dataset - Occurrence and Ethnomycological Data on Psilocybe spp. 2022-2024	present	MaterialCitation	Psilocybe serbica	species	Fungi	Basidiomycota	Agaricomycetes	Agaricales	Hymenogastraceae	Psilocybe						Italy	IT	Palena - Abruzzo	2018-10-06	Mixed forest		Iannotti M.	Valletta FM	Literature-based	Published occurrence	coordinates not available in source	Literature	Valletta FM 2023 - DOI 10.6093/2724-4393/10411
